{
    "root_group": {
        "id": "d41d8cd98f00b204e9800998ecf8427e",
        "groups": {
            "setup": {
                "path": "::setup",
                "id": "5c0f8025f7e0b6654089e5b00e950f1a",
                "groups": {},
                "checks": {
                        "event created": {
                            "path": "::setup::event created",
                            "id": "1f1f5459ceb43cd5ccabd96402cc8889",
                            "passes": 1,
                            "fails": 0,
                            "name": "event created"
                        }
                    },
                "name": "setup"
            }
        },
        "checks": {},
        "name": "",
        "path": ""
    },
    "metrics": {
        "http_req_sending": {
            "avg": 0.009327150473065163,
            "min": 0.001,
            "med": 0.006,
            "max": 3.087,
            "p(90)": 0.008,
            "p(95)": 0.009
        },
        "data_sent": {
            "count": 22995814,
            "rate": 381629.8221191686
        },
        "http_req_failed": {
            "passes": 5147,
            "fails": 98958,
            "value": 0.04944046875750444
        },
        "http_req_connecting": {
            "min": 0,
            "med": 0,
            "max": 7.531,
            "p(90)": 0,
            "p(95)": 0,
            "avg": 0.019575851303971943
        },
        "http_req_blocked": {
            "avg": 0.021168166754857477,
            "min": 0,
            "med": 0.001,
            "max": 13.377,
            "p(90)": 0.002,
            "p(95)": 0.002
        },
        "checks": {
            "fails": 0,
            "passes": 1,
            "value": 1
        },
        "data_received": {
            "count": 49972034,
            "rate": 829316.9550924809
        },
        "http_reqs": {
            "count": 104105,
            "rate": 1727.687162181606
        },
        "iterations": {
            "rate": 1727.670566560241,
            "count": 104104
        },
        "http_req_duration{expected_response:true}": {
            "avg": 288.7884916732408,
            "min": 1.358,
            "med": 210.778,
            "max": 3309.243,
            "p(90)": 629.0928000000001,
            "p(95)": 811.8586499999999
        },
        "http_req_tls_handshaking": {
            "avg": 0,
            "min": 0,
            "med": 0,
            "max": 0,
            "p(90)": 0,
            "p(95)": 0
        },
        "http_req_receiving": {
            "avg": 0.01566990058113552,
            "min": 0.004,
            "med": 0.014,
            "max": 5.464,
            "p(90)": 0.02,
            "p(95)": 0.025
        },
        "vus_max": {
            "value": 500,
            "min": 500,
            "max": 500
        },
        "vus": {
            "value": 500,
            "min": 500,
            "max": 500
        },
        "iteration_duration": {
            "avg": 288.76651405842637,
            "min": 1.393,
            "med": 210.670542,
            "max": 3309.282,
            "p(90)": 629.47955,
            "p(95)": 811.5536543999998
        },
        "http_req_duration": {
            "p(90)": 629.436,
            "p(95)": 811.4857999999998,
            "avg": 288.7011875030075,
            "min": 1.358,
            "med": 210.626,
            "max": 3309.243
        },
        "business_errors": {
            "passes": 0,
            "fails": 98957,
            "thresholds": {
                "rate<0.05": false
            },
            "value": 0
        },
        "http_req_waiting": {
            "p(90)": 629.3962000000001,
            "p(95)": 811.4595999999998,
            "avg": 288.67619045194965,
            "min": 1.341,
            "med": 210.601,
            "max": 3309.22
        },
        "accepted_bookings": {
            "rate": 1642.25290339566,
            "count": 98957
        }
    },
    "setup_data": {
        "ticketTypeID": "019e3c13-fabd-71c9-977e-dc639a9b163b"
    }
}