{
    "setup_data": {
        "ticketTypeID": "019e0d67-f4a6-7243-ab91-a6548dbeb41c"
    },
    "root_group": {
        "id": "d41d8cd98f00b204e9800998ecf8427e",
        "groups": {
            "setup": {
                "name": "setup",
                "path": "::setup",
                "id": "5c0f8025f7e0b6654089e5b00e950f1a",
                "groups": {},
                "checks": {
                        "event created": {
                            "fails": 0,
                            "name": "event created",
                            "path": "::setup::event created",
                            "id": "1f1f5459ceb43cd5ccabd96402cc8889",
                            "passes": 1
                        }
                    }
            }
        },
        "checks": {},
        "name": "",
        "path": ""
    },
    "metrics": {
        "http_req_waiting": {
            "p(95)": 70.78694999999995,
            "avg": 25.012026534729074,
            "min": 0.342,
            "med": 15.945,
            "max": 445.465,
            "p(90)": 52.753
        },
        "http_reqs": {
            "count": 1196922,
            "rate": 19943.935393834414
        },
        "business_errors": {
            "passes": 0,
            "fails": 500800,
            "thresholds": {
                "rate<0.05": false
            },
            "value": 0
        },
        "http_req_sending": {
            "avg": 0.003424677631488094,
            "min": 0,
            "med": 0.002,
            "max": 13.314,
            "p(90)": 0.005,
            "p(95)": 0.007
        },
        "data_received": {
            "rate": 5950135.212697687,
            "count": 357093402
        },
        "iteration_duration": {
            "avg": 25.058854180776937,
            "min": 0.35925,
            "med": 15.997958,
            "max": 445.535583,
            "p(90)": 52.79725,
            "p(95)": 70.835583
        },
        "http_req_duration": {
            "avg": 25.028568153146285,
            "min": 0.348,
            "med": 15.968,
            "max": 445.479,
            "p(90)": 52.765,
            "p(95)": 70.79894999999995
        },
        "http_req_duration{expected_response:true}": {
            "med": 26.491,
            "max": 445.479,
            "p(90)": 66.437,
            "p(95)": 85.781,
            "avg": 33.46045066603235,
            "min": 1.325
        },
        "http_req_blocked": {
            "max": 33.894,
            "p(90)": 0.001,
            "p(95)": 0.002,
            "avg": 0.002154036771033845,
            "min": 0,
            "med": 0.001
        },
        "accepted_bookings": {
            "count": 500800,
            "rate": 8344.673124257282
        },
        "http_req_receiving": {
            "p(90)": 0.014,
            "p(95)": 0.018,
            "avg": 0.01311694078651539,
            "min": 0.002,
            "med": 0.005,
            "max": 26.833
        },
        "vus_max": {
            "value": 500,
            "min": 500,
            "max": 500
        },
        "http_req_failed": {
            "passes": 696121,
            "fails": 500801,
            "value": 0.5815926183995281
        },
        "http_req_connecting": {
            "avg": 0.0013889125607182411,
            "min": 0,
            "med": 0,
            "max": 33.885,
            "p(90)": 0,
            "p(95)": 0
        },
        "http_req_tls_handshaking": {
            "max": 0,
            "p(90)": 0,
            "p(95)": 0,
            "avg": 0,
            "min": 0,
            "med": 0
        },
        "vus": {
            "min": 500,
            "max": 500,
            "value": 500
        },
        "checks": {
            "fails": 0,
            "passes": 1,
            "value": 1
        },
        "data_sent": {
            "count": 264386641,
            "rate": 4405391.568620923
        },
        "iterations": {
            "rate": 19943.918731148464,
            "count": 1196921
        }
    }
}