{
    "root_group": {
        "name": "",
        "path": "",
        "id": "d41d8cd98f00b204e9800998ecf8427e",
        "groups": {
            "setup": {
                "name": "setup",
                "path": "::setup",
                "id": "5c0f8025f7e0b6654089e5b00e950f1a",
                "groups": {},
                "checks": {
                        "event created": {
                            "name": "event created",
                            "path": "::setup::event created",
                            "id": "1f1f5459ceb43cd5ccabd96402cc8889",
                            "passes": 1,
                            "fails": 0
                        }
                    }
            }
        },
        "checks": {}
    },
    "metrics": {
        "http_req_blocked": {
            "max": 22.557,
            "p(90)": 0.005,
            "p(95)": 0.007,
            "avg": 0.05110421658817418,
            "min": 0,
            "med": 0.002
        },
        "http_reqs": {
            "count": 103496,
            "rate": 1224.1310415389855
        },
        "http_req_duration": {
            "med": 2.413,
            "max": 198.587,
            "p(90)": 13.718500000000002,
            "p(95)": 20.286249999999995,
            "avg": 5.7967875570070575,
            "min": 0.171
        },
        "http_req_sending": {
            "max": 20.634,
            "p(90)": 0.016,
            "p(95)": 0.025,
            "avg": 0.024882990646986482,
            "min": 0,
            "med": 0.005
        },
        "http_req_duration{expected_response:true}": {
            "p(95)": 20.286399999999997,
            "avg": 5.797367854416148,
            "min": 0.171,
            "med": 2.413,
            "max": 198.587,
            "p(90)": 13.718800000000002
        },
        "business_errors": {
            "passes": 0,
            "fails": 6620,
            "thresholds": {
                "rate<0.05": false
            },
            "value": 0
        },
        "book_to_reserved_duration": {
            "max": 109,
            "p(90)": 18,
            "p(95)": 29,
            "avg": 6.059365558912387,
            "min": 0,
            "med": 1
        },
        "compensated_abandons": {
            "count": 1300,
            "rate": 15.376153223319559
        },
        "http_req_waiting": {
            "max": 198.574,
            "p(90)": 13.695,
            "p(95)": 20.252249999999993,
            "avg": 5.7573839568679555,
            "min": 0.165,
            "med": 2.3895
        },
        "http_req_receiving": {
            "p(95)": 0.032,
            "avg": 0.014520609492152284,
            "min": 0.002,
            "med": 0.012,
            "max": 2.982,
            "p(90)": 0.024
        },
        "accepted_bookings": {
            "count": 6620,
            "rate": 78.30010333721191
        },
        "http_req_connecting": {
            "med": 0,
            "max": 21.27,
            "p(90)": 0,
            "p(95)": 0,
            "avg": 0.04733543325345909,
            "min": 0
        },
        "vus_max": {
            "min": 500,
            "max": 500,
            "value": 500
        },
        "http_req_tls_handshaking": {
            "max": 0,
            "p(90)": 0,
            "p(95)": 0,
            "avg": 0,
            "min": 0,
            "med": 0
        },
        "iteration_duration": {
            "p(95)": 29451.6536705,
            "avg": 5587.903213581384,
            "min": 0.472958,
            "med": 20.724208,
            "max": 44027.609458,
            "p(90)": 25117.0623506
        },
        "data_received": {
            "count": 32826601,
            "rate": 388266.8052129039
        },
        "paid_orders": {
            "count": 5320,
            "rate": 62.92395011389235
        },
        "vus": {
            "max": 500,
            "value": 100,
            "min": 100
        },
        "data_sent": {
            "count": 13946284,
            "rate": 164953.9997537923
        },
        "http_req_failed": {
            "passes": 23,
            "fails": 103473,
            "value": 0.00022223081085259334
        },
        "iterations": {
            "count": 6643,
            "rate": 78.57214297116295
        },
        "checks": {
            "passes": 1,
            "fails": 0,
            "value": 1
        },
        "payment_intents_created": {
            "count": 5320,
            "rate": 62.92395011389235
        },
        "reserved_to_paid_duration": {
            "avg": 24.18533834586466,
            "min": 1,
            "med": 8,
            "max": 222,
            "p(90)": 74,
            "p(95)": 99
        },
        "end_to_end_paid_duration": {
            "min": 1,
            "med": 13,
            "max": 388,
            "p(90)": 150,
            "p(95)": 199,
            "avg": 44.28853383458647,
            "thresholds": {
                "p(95)<30000": false
            }
        }
    },
    "setup_data": {
        "ticketTypeID": "019e0d38-317f-74c8-b4f1-c542f3931abb"
    }
}