{
    "metrics": {
        "http_req_duration": {
            "min": 0.829,
            "med": 18.297,
            "max": 422.439,
            "p(90)": 54.818,
            "p(95)": 73.8293999999999,
            "avg": 26.573254481283602
        },
        "http_req_tls_handshaking": {
            "max": 0,
            "p(90)": 0,
            "p(95)": 0,
            "avg": 0,
            "min": 0,
            "med": 0
        },
        "http_req_waiting": {
            "avg": 26.55512063772086,
            "min": 0.823,
            "med": 18.272,
            "max": 422.429,
            "p(90)": 54.805,
            "p(95)": 73.811
        },
        "accepted_bookings": {
            "rate": 8333.572986719115,
            "count": 500158
        },
        "http_req_connecting": {
            "med": 0,
            "max": 29.322,
            "p(90)": 0,
            "p(95)": 0,
            "avg": 0.0035857195204941667,
            "min": 0
        },
        "http_reqs": {
            "count": 1127077,
            "rate": 18779.22264794809
        },
        "http_req_blocked": {
            "avg": 0.004420899370792182,
            "min": 0,
            "med": 0.001,
            "max": 29.823,
            "p(90)": 0.001,
            "p(95)": 0.002
        },
        "data_received": {
            "count": 346447538,
            "rate": 5772467.588226409
        },
        "http_req_sending": {
            "p(90)": 0.005,
            "p(95)": 0.007,
            "avg": 0.004098207132317494,
            "min": 0,
            "med": 0.002,
            "max": 14.166
        },
        "http_req_receiving": {
            "med": 0.005,
            "max": 16.147,
            "p(90)": 0.014,
            "p(95)": 0.018,
            "avg": 0.014035636429527078,
            "min": 0.002
        },
        "vus_max": {
            "value": 500,
            "min": 500,
            "max": 500
        },
        "business_errors": {
            "passes": 0,
            "fails": 500158,
            "thresholds": {
                "rate<0.05": false
            },
            "value": 0
        },
        "http_req_failed": {
            "passes": 626918,
            "fails": 500159,
            "value": 0.5562335137705765
        },
        "checks": {
            "passes": 1,
            "fails": 0,
            "value": 1
        },
        "iterations": {
            "count": 1127076,
            "rate": 18779.205986067267
        },
        "http_req_duration{expected_response:true}": {
            "med": 26.11,
            "max": 422.439,
            "p(90)": 66.516,
            "p(95)": 85.391,
            "avg": 33.18158269270376,
            "min": 1.25
        },
        "iteration_duration": {
            "avg": 26.604516821544305,
            "min": 0.843,
            "med": 18.327417,
            "max": 422.461417,
            "p(90)": 54.849729,
            "p(95)": 73.87019774999999
        },
        "vus": {
            "value": 500,
            "min": 500,
            "max": 500
        },
        "data_sent": {
            "count": 248958809,
            "rate": 4148122.0044229296
        }
    },
    "setup_data": {
        "ticketTypeID": "019e2002-6192-7d1f-bcb4-272b8d241fe6"
    },
    "root_group": {
        "name": "",
        "path": "",
        "id": "d41d8cd98f00b204e9800998ecf8427e",
        "groups": {
            "setup": {
                "id": "5c0f8025f7e0b6654089e5b00e950f1a",
                "groups": {},
                "checks": {
                        "event created": {
                            "fails": 0,
                            "name": "event created",
                            "path": "::setup::event created",
                            "id": "1f1f5459ceb43cd5ccabd96402cc8889",
                            "passes": 1
                        }
                    },
                "name": "setup",
                "path": "::setup"
            }
        },
        "checks": {}
    }
}