{
    "setup_data": {
        "ticketTypeID": "019e2004-cb62-7a16-a65a-f866a5ef942f"
    },
    "root_group": {
        "checks": {},
        "name": "",
        "path": "",
        "id": "d41d8cd98f00b204e9800998ecf8427e",
        "groups": {
                "setup": {
                    "groups": {},
                    "checks": {
                            "event created": {
                                "name": "event created",
                                "path": "::setup::event created",
                                "id": "1f1f5459ceb43cd5ccabd96402cc8889",
                                "passes": 1,
                                "fails": 0
                            }
                        },
                    "name": "setup",
                    "path": "::setup",
                    "id": "5c0f8025f7e0b6654089e5b00e950f1a"
                }
            }
    },
    "metrics": {
        "http_req_waiting": {
            "avg": 15.206191619806969,
            "min": 0.364,
            "med": 14.056,
            "max": 150.596,
            "p(90)": 21.624,
            "p(95)": 25.141
        },
        "data_received": {
            "count": 469178794,
            "rate": 7817545.9920586
        },
        "accepted_bookings": {
            "count": 508875,
            "rate": 8478.971700304128
        },
        "http_req_connecting": {
            "p(90)": 0,
            "p(95)": 0,
            "avg": 0.0013611288314822419,
            "min": 0,
            "med": 0,
            "max": 39.977
        },
        "data_sent": {
            "count": 433859823,
            "rate": 7229054.603028166
        },
        "http_req_blocked": {
            "avg": 0.0021551130130713554,
            "min": 0,
            "med": 0.001,
            "max": 42.049,
            "p(90)": 0.001,
            "p(95)": 0.001
        },
        "http_reqs": {
            "count": 1964155,
            "rate": 32727.12288874646
        },
        "checks": {
            "passes": 1,
            "fails": 0,
            "value": 1
        },
        "http_req_tls_handshaking": {
            "max": 0,
            "p(90)": 0,
            "p(95)": 0,
            "avg": 0,
            "min": 0,
            "med": 0
        },
        "http_req_duration": {
            "max": 150.61,
            "p(90)": 21.677,
            "p(95)": 25.214,
            "avg": 15.23083125313371,
            "min": 0.369,
            "med": 14.073
        },
        "iteration_duration": {
            "p(90)": 21.7165,
            "p(95)": 25.25379374999999,
            "avg": 15.265196396177926,
            "min": 0.382584,
            "med": 14.102375,
            "max": 150.629041
        },
        "http_req_sending": {
            "min": 0,
            "med": 0.002,
            "max": 37.471,
            "p(90)": 0.004,
            "p(95)": 0.005,
            "avg": 0.005022461567664783
        },
        "vus_max": {
            "value": 500,
            "min": 500,
            "max": 500
        },
        "business_errors": {
            "passes": 0,
            "fails": 508875,
            "thresholds": {
                "rate<0.05": false
            },
            "value": 0
        },
        "http_req_failed": {
            "passes": 1455279,
            "fails": 508876,
            "value": 0.7409186138568494
        },
        "http_req_duration{expected_response:true}": {
            "avg": 15.38488312476908,
            "min": 0.525,
            "med": 14.327,
            "max": 150.61,
            "p(90)": 21.873,
            "p(95)": 25.349
        },
        "http_req_receiving": {
            "max": 18.989,
            "p(90)": 0.012,
            "p(95)": 0.018,
            "avg": 0.01961717176107578,
            "min": 0.002,
            "med": 0.005
        },
        "iterations": {
            "count": 1964154,
            "rate": 32727.106226556924
        },
        "vus": {
            "value": 500,
            "min": 500,
            "max": 500
        }
    }
}