{
    "setup_data": {
        "ticketTypeID": "019e1d8a-a62c-71d9-a069-c3bc10fdfd0c"
    },
    "root_group": {
        "name": "",
        "path": "",
        "id": "d41d8cd98f00b204e9800998ecf8427e",
        "groups": {
            "setup": {
                "groups": {},
                "checks": {
                        "event created": {
                            "name": "event created",
                            "path": "::setup::event created",
                            "id": "1f1f5459ceb43cd5ccabd96402cc8889",
                            "passes": 1,
                            "fails": 0
                        }
                    },
                "name": "setup",
                "path": "::setup",
                "id": "5c0f8025f7e0b6654089e5b00e950f1a"
            }
        },
        "checks": {}
    },
    "metrics": {
        "http_req_duration": {
            "avg": 260.79438617600374,
            "min": 5.262,
            "med": 256.977,
            "max": 436.346,
            "p(90)": 291.043,
            "p(95)": 308.4695
        },
        "http_req_duration{expected_response:true}": {
            "avg": 260.79438617600374,
            "min": 5.262,
            "med": 256.977,
            "max": 436.346,
            "p(90)": 291.043,
            "p(95)": 308.4695
        },
        "iteration_duration": {
            "avg": 260.9077614336635,
            "min": 16.563417,
            "med": 257.0555,
            "max": 436.424459,
            "p(90)": 291.2461,
            "p(95)": 308.67201044999996
        },
        "vus_max": {
            "min": 500,
            "max": 500,
            "value": 500
        },
        "http_req_tls_handshaking": {
            "max": 0,
            "p(90)": 0,
            "p(95)": 0,
            "avg": 0,
            "min": 0,
            "med": 0
        },
        "data_received": {
            "count": 57120487,
            "rate": 948262.5270977569
        },
        "http_req_connecting": {
            "max": 34.202,
            "p(90)": 0,
            "p(95)": 0,
            "avg": 0.03998551970206006,
            "min": 0,
            "med": 0
        },
        "http_req_failed": {
            "passes": 0,
            "fails": 115191,
            "value": 0
        },
        "checks": {
            "passes": 1,
            "fails": 0,
            "value": 1
        },
        "http_reqs": {
            "count": 115191,
            "rate": 1912.2965243436686
        },
        "http_req_blocked": {
            "avg": 0.04209705619390805,
            "min": 0.001,
            "med": 0.002,
            "max": 34.33,
            "p(90)": 0.003,
            "p(95)": 0.003
        },
        "http_req_receiving": {
            "p(90)": 0.033,
            "p(95)": 0.036,
            "avg": 0.025637497721169165,
            "min": 0.011,
            "med": 0.024,
            "max": 5.632
        },
        "vus": {
            "value": 500,
            "min": 500,
            "max": 500
        },
        "http_req_sending": {
            "avg": 0.012877802953351425,
            "min": 0.003,
            "med": 0.01,
            "max": 2.681,
            "p(90)": 0.013,
            "p(95)": 0.015
        },
        "data_sent": {
            "count": 25444403,
            "rate": 422404.90507851844
        },
        "accepted_bookings": {
            "count": 115190,
            "rate": 1912.27992325049
        },
        "iterations": {
            "count": 115190,
            "rate": 1912.27992325049
        },
        "http_req_waiting": {
            "max": 436.301,
            "p(90)": 290.991,
            "p(95)": 308.4285,
            "avg": 260.75587087532955,
            "min": 5.124,
            "med": 256.943
        },
        "business_errors": {
            "passes": 0,
            "fails": 115190,
            "thresholds": {
                "rate<0.05": false
            },
            "value": 0
        }
    }
}