{
    "root_group": {
        "groups": {
            "setup": {
                "name": "setup",
                "path": "::setup",
                "id": "5c0f8025f7e0b6654089e5b00e950f1a",
                "groups": {},
                "checks": {
                        "event created": {
                            "passes": 1,
                            "fails": 0,
                            "name": "event created",
                            "path": "::setup::event created",
                            "id": "1f1f5459ceb43cd5ccabd96402cc8889"
                        }
                    }
            }
        },
        "checks": {},
        "name": "",
        "path": "",
        "id": "d41d8cd98f00b204e9800998ecf8427e"
    },
    "metrics": {
        "http_req_blocked": {
            "avg": 0.25856399038316746,
            "min": 0,
            "med": 0.002,
            "max": 117.687,
            "p(90)": 0.006,
            "p(95)": 0.008
        },
        "http_req_sending": {
            "avg": 0.01048373142563807,
            "min": 0,
            "med": 0.006,
            "max": 3.242,
            "p(90)": 0.017,
            "p(95)": 0.024
        },
        "checks": {
            "passes": 1,
            "fails": 0,
            "value": 1
        },
        "paid_orders": {
            "rate": 60.55461291893093,
            "count": 5126
        },
        "http_req_duration{expected_response:true}": {
            "p(95)": 55.38329999999999,
            "avg": 11.56481530137579,
            "min": 0.18,
            "med": 1.9,
            "max": 803.433,
            "p(90)": 17.535
        },
        "http_req_tls_handshaking": {
            "avg": 0,
            "min": 0,
            "med": 0,
            "max": 0,
            "p(90)": 0,
            "p(95)": 0
        },
        "data_received": {
            "count": 32183632,
            "rate": 380192.6215539053
        },
        "data_sent": {
            "count": 13653415,
            "rate": 161290.92086354375
        },
        "iteration_duration": {
            "max": 42492.664292,
            "p(90)": 25172.1297253,
            "p(95)": 29138.919843749994,
            "avg": 5774.0373774808995,
            "min": 0.784083,
            "med": 76.788438
        },
        "http_req_receiving": {
            "avg": 0.016162498521933848,
            "min": 0.002,
            "med": 0.013,
            "max": 2.146,
            "p(90)": 0.028,
            "p(95)": 0.036
        },
        "reserved_to_paid_duration": {
            "max": 926,
            "p(90)": 255,
            "p(95)": 339,
            "avg": 69.16172454155287,
            "min": 0,
            "med": 3
        },
        "compensated_abandons": {
            "count": 1300,
            "rate": 15.357197970076122
        },
        "vus": {
            "max": 500,
            "value": 100,
            "min": 100
        },
        "http_req_waiting": {
            "med": 1.8695,
            "max": 803.311,
            "p(90)": 17.5087,
            "p(95)": 55.371249999999975,
            "avg": 11.538299357534118,
            "min": 0.173
        },
        "http_req_failed": {
            "passes": 16,
            "fails": 101468,
            "value": 0.0001576603208387529
        },
        "http_req_connecting": {
            "avg": 0.25516187773442117,
            "min": 0,
            "med": 0,
            "max": 117.634,
            "p(90)": 0,
            "p(95)": 0
        },
        "iterations": {
            "count": 6442,
            "rate": 76.10082255633107
        },
        "vus_max": {
            "value": 500,
            "min": 500,
            "max": 500
        },
        "book_to_reserved_duration": {
            "avg": 20.42032368502957,
            "min": 0,
            "med": 1,
            "max": 533,
            "p(90)": 67,
            "p(95)": 119.74999999999972
        },
        "http_req_duration": {
            "med": 1.901,
            "max": 803.433,
            "p(90)": 17.53980000000001,
            "p(95)": 55.38124999999997,
            "avg": 11.564945587481763,
            "min": 0.18
        },
        "business_errors": {
            "fails": 6426,
            "passes": 0,
            "thresholds": {
                "rate<0.05": false
            },
            "value": 0
        },
        "end_to_end_paid_duration": {
            "p(95)": 695.4999999999986,
            "avg": 155.32910651580178,
            "min": 1,
            "med": 32,
            "max": 1343,
            "p(90)": 536,
            "thresholds": {
                "p(95)<30000": false
            }
        },
        "http_reqs": {
            "count": 101484,
            "rate": 1198.8537529193886
        },
        "accepted_bookings": {
            "count": 6426,
            "rate": 75.91181088900704
        },
        "payment_intents_created": {
            "count": 5126,
            "rate": 60.55461291893093
        }
    },
    "setup_data": {
        "ticketTypeID": "019e0d2f-946e-7823-b0ad-c19d7101bf19"
    }
}