{
    "root_group": {
        "name": "",
        "path": "",
        "id": "d41d8cd98f00b204e9800998ecf8427e",
        "groups": {
            "setup": {
                "path": "::setup",
                "id": "5c0f8025f7e0b6654089e5b00e950f1a",
                "groups": {},
                "checks": {
                        "event created": {
                            "fails": 0,
                            "name": "event created",
                            "path": "::setup::event created",
                            "id": "1f1f5459ceb43cd5ccabd96402cc8889",
                            "passes": 1
                        }
                    },
                "name": "setup"
            }
        },
        "checks": {}
    },
    "metrics": {
        "reserved_to_paid_duration": {
            "p(95)": 50,
            "avg": 11.562619198982835,
            "min": 1,
            "med": 6,
            "max": 105,
            "p(90)": 30
        },
        "vus_max": {
            "max": 500,
            "value": 500,
            "min": 500
        },
        "data_received": {
            "count": 28993519,
            "rate": 322097.94892946427
        },
        "http_req_duration": {
            "avg": 4.265672089261548,
            "min": 0.164,
            "med": 1.71,
            "max": 100.101,
            "p(90)": 11.339,
            "p(95)": 16.053899999999995
        },
        "http_req_waiting": {
            "p(95)": 16.027899999999995,
            "avg": 4.235610984618175,
            "min": 0.154,
            "med": 1.69,
            "max": 100.047,
            "p(90)": 11.293
        },
        "http_req_receiving": {
            "min": 0.002,
            "med": 0.011,
            "max": 18.169,
            "p(90)": 0.021,
            "p(95)": 0.028,
            "avg": 0.014861038706818451
        },
        "iterations": {
            "count": 5961,
            "rate": 66.2225883504702
        },
        "vus": {
            "value": 11,
            "min": 11,
            "max": 500
        },
        "end_to_end_paid_duration": {
            "p(90)": 1004,
            "p(95)": 1010,
            "avg": 583.3822843822844,
            "min": 2,
            "med": 512,
            "max": 1514,
            "thresholds": {
                "p(95)<30000": false
            }
        },
        "book_to_reserved_duration": {
            "p(95)": 1003,
            "avg": 565.7192275398825,
            "min": 0,
            "med": 503,
            "max": 1507,
            "p(90)": 1002
        },
        "checks": {
            "passes": 1,
            "fails": 0,
            "value": 1
        },
        "iteration_duration": {
            "min": 2.585958,
            "med": 518.782,
            "max": 60495.988209,
            "p(90)": 24717.002083,
            "p(95)": 25309.632417,
            "avg": 5843.817493818648
        },
        "http_reqs": {
            "count": 97063,
            "rate": 1078.3028171551232
        },
        "paid_orders": {
            "count": 4719,
            "rate": 52.42482711388507
        },
        "business_errors": {
            "passes": 6,
            "fails": 5955,
            "thresholds": {
                "rate<0.05": false
            },
            "value": 0.0010065425264217413
        },
        "http_req_sending": {
            "p(90)": 0.013,
            "p(95)": 0.022,
            "avg": 0.0152000659365539,
            "min": 0.001,
            "med": 0.005,
            "max": 23.406
        },
        "payment_intents_created": {
            "count": 4719,
            "rate": 52.42482711388507
        },
        "http_req_connecting": {
            "avg": 0.03841106291789866,
            "min": 0,
            "med": 0,
            "max": 32.859,
            "p(90)": 0,
            "p(95)": 0
        },
        "accepted_bookings": {
            "count": 5972,
            "rate": 66.34479074467507
        },
        "compensated_abandons": {
            "count": 1236,
            "rate": 13.731105385200667
        },
        "data_sent": {
            "count": 13009986,
            "rate": 144531.94888833762
        },
        "http_req_failed": {
            "passes": 8309,
            "fails": 88754,
            "value": 0.08560419521341808
        },
        "http_req_blocked": {
            "avg": 0.04253657933514146,
            "min": 0,
            "med": 0.002,
            "max": 64.269,
            "p(90)": 0.004,
            "p(95)": 0.006
        },
        "http_req_tls_handshaking": {
            "max": 0,
            "p(90)": 0,
            "p(95)": 0,
            "avg": 0,
            "min": 0,
            "med": 0
        },
        "http_req_duration{expected_response:true}": {
            "avg": 4.296369831218801,
            "min": 0.164,
            "med": 1.79,
            "max": 93.493,
            "p(90)": 11.451700000000002,
            "p(95)": 16.02969999999999
        }
    },
    "setup_data": {
        "ticketTypeID": "019e0d68-e0c5-7cc1-8c33-b2d7059bac0d"
    }
}