{
    "root_group": {
        "name": "",
        "path": "",
        "id": "d41d8cd98f00b204e9800998ecf8427e",
        "groups": {
            "setup": {
                "id": "5c0f8025f7e0b6654089e5b00e950f1a",
                "groups": {},
                "checks": {
                        "event created": {
                            "name": "event created",
                            "path": "::setup::event created",
                            "id": "1f1f5459ceb43cd5ccabd96402cc8889",
                            "passes": 1,
                            "fails": 0
                        }
                    },
                "name": "setup",
                "path": "::setup"
            }
        },
        "checks": {}
    },
    "metrics": {
        "http_req_tls_handshaking": {
            "p(90)": 0,
            "p(95)": 0,
            "avg": 0,
            "min": 0,
            "med": 0,
            "max": 0
        },
        "vus_max": {
            "min": 500,
            "max": 500,
            "value": 500
        },
        "http_req_receiving": {
            "avg": 0.021388645255545152,
            "min": 0.002,
            "med": 0.004,
            "max": 19.57,
            "p(90)": 0.011,
            "p(95)": 0.016
        },
        "iterations": {
            "rate": 38827.040936196405,
            "count": 2330003
        },
        "business_errors": {
            "passes": 0,
            "fails": 508575,
            "thresholds": {
                "rate<0.05": false
            },
            "value": 0
        },
        "http_req_failed": {
            "passes": 1821428,
            "fails": 508576,
            "value": 0.7817274133434964
        },
        "http_reqs": {
            "count": 2330004,
            "rate": 38827.057600141015
        },
        "vus": {
            "value": 500,
            "min": 500,
            "max": 500
        },
        "checks": {
            "passes": 1,
            "fails": 0,
            "value": 1
        },
        "data_sent": {
            "count": 514671227,
            "rate": 8576452.819765225
        },
        "accepted_bookings": {
            "count": 508575,
            "rate": 8474.865630699225
        },
        "http_req_sending": {
            "avg": 0.0032577240212244033,
            "min": 0,
            "med": 0.002,
            "max": 21.856,
            "p(90)": 0.003,
            "p(95)": 0.005
        },
        "http_req_duration": {
            "med": 12.129,
            "max": 88.329,
            "p(90)": 17.908,
            "p(95)": 20.329,
            "avg": 12.835369219108436,
            "min": 0.233
        },
        "http_req_blocked": {
            "avg": 0.00725004420603121,
            "min": 0,
            "med": 0,
            "max": 113.895,
            "p(90)": 0.001,
            "p(95)": 0.001
        },
        "iteration_duration": {
            "p(90)": 17.942824800000004,
            "p(95)": 20.364083899999997,
            "avg": 12.869341651150062,
            "min": 0.2435,
            "med": 12.15325,
            "max": 134.214584
        },
        "http_req_duration{expected_response:true}": {
            "med": 13.566,
            "max": 86.156,
            "p(90)": 19.67,
            "p(95)": 21.72,
            "avg": 14.079566774680483,
            "min": 0.71
        },
        "http_req_waiting": {
            "med": 12.118,
            "max": 88.316,
            "p(90)": 17.841,
            "p(95)": 20.237,
            "avg": 12.81072284983243,
            "min": 0.228
        },
        "data_received": {
            "count": 523591035,
            "rate": 8725092.006220784
        },
        "http_req_connecting": {
            "avg": 0.006590818728208191,
            "min": 0,
            "med": 0,
            "max": 113.875,
            "p(90)": 0,
            "p(95)": 0
        }
    },
    "setup_data": {
        "ticketTypeID": "019e3c18-8a26-74ee-a26c-97233b12e19a"
    }
}